{
  "m2b": {
    "test_macro_f1": 0.618916116239536,
    "test_accuracy": 0.8175,
    "per_class_f1": [
      0.7706422018348624,
      0.6451612903225806,
      0.8975806451612903,
      0.6629422718808193,
      0.8292682926829268,
      0.810126582278481,
      0.0,
      0.3333333333333333,
      0.7123287671232876,
      0.5277777777777778
    ],
    "class_names": [
      "Bank account",
      "Credit card",
      "Credit reporting",
      "Debt collection",
      "Money transfer",
      "Mortgage",
      "Other",
      "Payday loan",
      "Student loan",
      "Vehicle loan or lease"
    ],
    "variant": "M2b",
    "seed": 42
  },
  "temporal": {
    "test_macro_f1": 0.6470955138372179,
    "test_accuracy": 0.8844711177794449,
    "per_class_f1": [
      0.7558139534883721,
      0.6703296703296703,
      0.9502095557418273,
      0.6336336336336337,
      0.7940074906367042,
      0.7794117647058824,
      0.0,
      0.5074626865671642,
      0.7951807228915663,
      0.5849056603773585
    ],
    "class_names": [
      "Bank account",
      "Credit card",
      "Credit reporting",
      "Debt collection",
      "Money transfer",
      "Mortgage",
      "Other",
      "Payday loan",
      "Student loan",
      "Vehicle loan or lease"
    ],
    "variant": "M2_temporal",
    "seed": 42
  }
}